"Source path before the run","Source path after the run","Parent of the recipe that made changes","Recipe that made changes","Estimated time saving","Cycle"
"The source path of the file before the run. `null` when a source file was created during the run.","A recipe may modify the source path. This is the path after the run. `null` when a source file was deleted during the run.","In a hierarchical recipe, the parent of the recipe that made a change. Empty if this is the root of a hierarchy or if the recipe is not hierarchical at all.","The specific recipe that made a change.","An estimated effort that a developer to fix manually instead of using this recipe, in unit of seconds.","The recipe cycle in which the change was made."
"src/backend/pom.xml","src/backend/pom.xml","org.openrewrite.java.migrate.UpgradeJavaVersion","org.openrewrite.java.migrate.maven.UseMavenCompilerPluginReleaseConfiguration","300","1"
"src/backend/pom.xml","src/backend/pom.xml","org.openrewrite.java.migrate.UpgradeBuildToJava11","org.openrewrite.java.migrate.UpgradeJavaVersion","300","1"
"src/backend/pom.xml","src/backend/pom.xml","org.openrewrite.java.migrate.Java8toJava11","org.openrewrite.java.migrate.UpgradeBuildToJava11","300","1"
"src/backend/pom.xml","src/backend/pom.xml","org.openrewrite.java.migrate.UpgradeToJava17","org.openrewrite.java.migrate.Java8toJava11","300","1"
"src/backend/pom.xml","src/backend/pom.xml","org.openrewrite.java.migrate.UpgradeToJava21","org.openrewrite.java.migrate.UpgradeToJava17","300","1"
"src/backend/pom.xml","src/backend/pom.xml","","org.openrewrite.java.migrate.UpgradeToJava21","300","1"
"src/backend/pom.xml","src/backend/pom.xml","org.openrewrite.java.migrate.UpgradePluginsForJava17","org.openrewrite.maven.UpgradePluginVersion","300","1"
"src/backend/pom.xml","src/backend/pom.xml","org.openrewrite.java.migrate.UpgradeToJava17","org.openrewrite.java.migrate.UpgradePluginsForJava17","300","1"
"src/backend/pom.xml","src/backend/pom.xml","org.openrewrite.java.migrate.UpgradeToJava21","org.openrewrite.java.migrate.UpgradeToJava17","300","1"
"src/backend/pom.xml","src/backend/pom.xml","","org.openrewrite.java.migrate.UpgradeToJava21","300","1"
"src/backend/pom.xml","src/backend/pom.xml","org.openrewrite.java.migrate.UpgradeJavaVersion","org.openrewrite.java.migrate.maven.UpdateMavenProjectPropertyJavaVersion","300","1"
"src/backend/pom.xml","src/backend/pom.xml","org.openrewrite.java.migrate.UpgradeBuildToJava21","org.openrewrite.java.migrate.UpgradeJavaVersion","300","1"
"src/backend/pom.xml","src/backend/pom.xml","org.openrewrite.java.migrate.UpgradeToJava21","org.openrewrite.java.migrate.UpgradeBuildToJava21","300","1"
"src/backend/pom.xml","src/backend/pom.xml","","org.openrewrite.java.migrate.UpgradeToJava21","300","1"
"src/backend/eureka-server/src/main/java/com/example/eurekaserver/EurekaServerApplication.java","src/backend/eureka-server/src/main/java/com/example/eurekaserver/EurekaServerApplication.java","org.openrewrite.java.migrate.UpgradeBuildToJava21","org.openrewrite.java.migrate.UpgradeJavaVersion","0","1"
"src/backend/eureka-server/src/main/java/com/example/eurekaserver/EurekaServerApplication.java","src/backend/eureka-server/src/main/java/com/example/eurekaserver/EurekaServerApplication.java","org.openrewrite.java.migrate.UpgradeToJava21","org.openrewrite.java.migrate.UpgradeBuildToJava21","0","1"
"src/backend/eureka-server/src/main/java/com/example/eurekaserver/EurekaServerApplication.java","src/backend/eureka-server/src/main/java/com/example/eurekaserver/EurekaServerApplication.java","","org.openrewrite.java.migrate.UpgradeToJava21","0","1"
"src/backend/eureka-server/src/test/java/com/example/eurekaserver/EurekaServerApplicationTests.java","src/backend/eureka-server/src/test/java/com/example/eurekaserver/EurekaServerApplicationTests.java","org.openrewrite.java.migrate.UpgradeBuildToJava21","org.openrewrite.java.migrate.UpgradeJavaVersion","0","1"
"src/backend/eureka-server/src/test/java/com/example/eurekaserver/EurekaServerApplicationTests.java","src/backend/eureka-server/src/test/java/com/example/eurekaserver/EurekaServerApplicationTests.java","org.openrewrite.java.migrate.UpgradeToJava21","org.openrewrite.java.migrate.UpgradeBuildToJava21","0","1"
"src/backend/eureka-server/src/test/java/com/example/eurekaserver/EurekaServerApplicationTests.java","src/backend/eureka-server/src/test/java/com/example/eurekaserver/EurekaServerApplicationTests.java","","org.openrewrite.java.migrate.UpgradeToJava21","0","1"
"src/backend/common-dto/src/main/java/dto/exception/BusinessException.java","src/backend/common-dto/src/main/java/dto/exception/BusinessException.java","org.openrewrite.java.migrate.UpgradeBuildToJava21","org.openrewrite.java.migrate.UpgradeJavaVersion","0","1"
"src/backend/common-dto/src/main/java/dto/exception/BusinessException.java","src/backend/common-dto/src/main/java/dto/exception/BusinessException.java","org.openrewrite.java.migrate.UpgradeToJava21","org.openrewrite.java.migrate.UpgradeBuildToJava21","0","1"
"src/backend/common-dto/src/main/java/dto/exception/BusinessException.java","src/backend/common-dto/src/main/java/dto/exception/BusinessException.java","","org.openrewrite.java.migrate.UpgradeToJava21","0","1"
"src/backend/common-dto/src/main/java/dto/ApiResponse.java","src/backend/common-dto/src/main/java/dto/ApiResponse.java","org.openrewrite.java.migrate.UpgradeBuildToJava21","org.openrewrite.java.migrate.UpgradeJavaVersion","0","1"
"src/backend/common-dto/src/main/java/dto/ApiResponse.java","src/backend/common-dto/src/main/java/dto/ApiResponse.java","org.openrewrite.java.migrate.UpgradeToJava21","org.openrewrite.java.migrate.UpgradeBuildToJava21","0","1"
"src/backend/common-dto/src/main/java/dto/ApiResponse.java","src/backend/common-dto/src/main/java/dto/ApiResponse.java","","org.openrewrite.java.migrate.UpgradeToJava21","0","1"
"src/backend/common-dto/src/main/java/dto/ErrorResponse.java","src/backend/common-dto/src/main/java/dto/ErrorResponse.java","org.openrewrite.java.migrate.UpgradeBuildToJava21","org.openrewrite.java.migrate.UpgradeJavaVersion","0","1"
"src/backend/common-dto/src/main/java/dto/ErrorResponse.java","src/backend/common-dto/src/main/java/dto/ErrorResponse.java","org.openrewrite.java.migrate.UpgradeToJava21","org.openrewrite.java.migrate.UpgradeBuildToJava21","0","1"
"src/backend/common-dto/src/main/java/dto/ErrorResponse.java","src/backend/common-dto/src/main/java/dto/ErrorResponse.java","","org.openrewrite.java.migrate.UpgradeToJava21","0","1"
"src/backend/common-dto/src/main/java/dto/AppErrorCode.java","src/backend/common-dto/src/main/java/dto/AppErrorCode.java","org.openrewrite.java.migrate.UpgradeBuildToJava21","org.openrewrite.java.migrate.UpgradeJavaVersion","0","1"
"src/backend/common-dto/src/main/java/dto/AppErrorCode.java","src/backend/common-dto/src/main/java/dto/AppErrorCode.java","org.openrewrite.java.migrate.UpgradeToJava21","org.openrewrite.java.migrate.UpgradeBuildToJava21","0","1"
"src/backend/common-dto/src/main/java/dto/AppErrorCode.java","src/backend/common-dto/src/main/java/dto/AppErrorCode.java","","org.openrewrite.java.migrate.UpgradeToJava21","0","1"
"src/backend/driver-service/src/main/java/com/example/driverservice/controller/DriverController.java","src/backend/driver-service/src/main/java/com/example/driverservice/controller/DriverController.java","org.openrewrite.java.migrate.UpgradeBuildToJava21","org.openrewrite.java.migrate.UpgradeJavaVersion","0","1"
"src/backend/driver-service/src/main/java/com/example/driverservice/controller/DriverController.java","src/backend/driver-service/src/main/java/com/example/driverservice/controller/DriverController.java","org.openrewrite.java.migrate.UpgradeToJava21","org.openrewrite.java.migrate.UpgradeBuildToJava21","0","1"
"src/backend/driver-service/src/main/java/com/example/driverservice/controller/DriverController.java","src/backend/driver-service/src/main/java/com/example/driverservice/controller/DriverController.java","","org.openrewrite.java.migrate.UpgradeToJava21","0","1"
"src/backend/driver-service/src/main/java/com/example/driverservice/exception/DriverNotFoundException.java","src/backend/driver-service/src/main/java/com/example/driverservice/exception/DriverNotFoundException.java","org.openrewrite.java.migrate.UpgradeBuildToJava21","org.openrewrite.java.migrate.UpgradeJavaVersion","0","1"
"src/backend/driver-service/src/main/java/com/example/driverservice/exception/DriverNotFoundException.java","src/backend/driver-service/src/main/java/com/example/driverservice/exception/DriverNotFoundException.java","org.openrewrite.java.migrate.UpgradeToJava21","org.openrewrite.java.migrate.UpgradeBuildToJava21","0","1"
"src/backend/driver-service/src/main/java/com/example/driverservice/exception/DriverNotFoundException.java","src/backend/driver-service/src/main/java/com/example/driverservice/exception/DriverNotFoundException.java","","org.openrewrite.java.migrate.UpgradeToJava21","0","1"
"src/backend/driver-service/src/main/java/com/example/driverservice/model/Driver.java","src/backend/driver-service/src/main/java/com/example/driverservice/model/Driver.java","org.openrewrite.java.migrate.UpgradeBuildToJava21","org.openrewrite.java.migrate.UpgradeJavaVersion","0","1"
"src/backend/driver-service/src/main/java/com/example/driverservice/model/Driver.java","src/backend/driver-service/src/main/java/com/example/driverservice/model/Driver.java","org.openrewrite.java.migrate.UpgradeToJava21","org.openrewrite.java.migrate.UpgradeBuildToJava21","0","1"
"src/backend/driver-service/src/main/java/com/example/driverservice/model/Driver.java","src/backend/driver-service/src/main/java/com/example/driverservice/model/Driver.java","","org.openrewrite.java.migrate.UpgradeToJava21","0","1"
"src/backend/driver-service/src/main/java/com/example/driverservice/DriverServiceApplication.java","src/backend/driver-service/src/main/java/com/example/driverservice/DriverServiceApplication.java","org.openrewrite.java.migrate.UpgradeBuildToJava21","org.openrewrite.java.migrate.UpgradeJavaVersion","0","1"
"src/backend/driver-service/src/main/java/com/example/driverservice/DriverServiceApplication.java","src/backend/driver-service/src/main/java/com/example/driverservice/DriverServiceApplication.java","org.openrewrite.java.migrate.UpgradeToJava21","org.openrewrite.java.migrate.UpgradeBuildToJava21","0","1"
"src/backend/driver-service/src/main/java/com/example/driverservice/DriverServiceApplication.java","src/backend/driver-service/src/main/java/com/example/driverservice/DriverServiceApplication.java","","org.openrewrite.java.migrate.UpgradeToJava21","0","1"
"src/backend/driver-service/src/main/java/com/example/driverservice/service/DriverService.java","src/backend/driver-service/src/main/java/com/example/driverservice/service/DriverService.java","org.openrewrite.java.migrate.UpgradeBuildToJava21","org.openrewrite.java.migrate.UpgradeJavaVersion","0","1"
"src/backend/driver-service/src/main/java/com/example/driverservice/service/DriverService.java","src/backend/driver-service/src/main/java/com/example/driverservice/service/DriverService.java","org.openrewrite.java.migrate.UpgradeToJava21","org.openrewrite.java.migrate.UpgradeBuildToJava21","0","1"
"src/backend/driver-service/src/main/java/com/example/driverservice/service/DriverService.java","src/backend/driver-service/src/main/java/com/example/driverservice/service/DriverService.java","","org.openrewrite.java.migrate.UpgradeToJava21","0","1"
"src/backend/driver-service/src/main/java/com/example/driverservice/repository/DriverRepository.java","src/backend/driver-service/src/main/java/com/example/driverservice/repository/DriverRepository.java","org.openrewrite.java.migrate.UpgradeBuildToJava21","org.openrewrite.java.migrate.UpgradeJavaVersion","0","1"
"src/backend/driver-service/src/main/java/com/example/driverservice/repository/DriverRepository.java","src/backend/driver-service/src/main/java/com/example/driverservice/repository/DriverRepository.java","org.openrewrite.java.migrate.UpgradeToJava21","org.openrewrite.java.migrate.UpgradeBuildToJava21","0","1"
"src/backend/driver-service/src/main/java/com/example/driverservice/repository/DriverRepository.java","src/backend/driver-service/src/main/java/com/example/driverservice/repository/DriverRepository.java","","org.openrewrite.java.migrate.UpgradeToJava21","0","1"
"src/backend/driver-service/src/test/java/com/example/driverservice/UserServiceApplicationTests.java","src/backend/driver-service/src/test/java/com/example/driverservice/UserServiceApplicationTests.java","org.openrewrite.java.migrate.UpgradeBuildToJava21","org.openrewrite.java.migrate.UpgradeJavaVersion","0","1"
"src/backend/driver-service/src/test/java/com/example/driverservice/UserServiceApplicationTests.java","src/backend/driver-service/src/test/java/com/example/driverservice/UserServiceApplicationTests.java","org.openrewrite.java.migrate.UpgradeToJava21","org.openrewrite.java.migrate.UpgradeBuildToJava21","0","1"
"src/backend/driver-service/src/test/java/com/example/driverservice/UserServiceApplicationTests.java","src/backend/driver-service/src/test/java/com/example/driverservice/UserServiceApplicationTests.java","","org.openrewrite.java.migrate.UpgradeToJava21","0","1"
"src/backend/campaign-service/src/main/java/com/example/campaignservice/controller/CampaignController.java","src/backend/campaign-service/src/main/java/com/example/campaignservice/controller/CampaignController.java","org.openrewrite.java.migrate.UpgradeBuildToJava21","org.openrewrite.java.migrate.UpgradeJavaVersion","0","1"
"src/backend/campaign-service/src/main/java/com/example/campaignservice/controller/CampaignController.java","src/backend/campaign-service/src/main/java/com/example/campaignservice/controller/CampaignController.java","org.openrewrite.java.migrate.UpgradeToJava21","org.openrewrite.java.migrate.UpgradeBuildToJava21","0","1"
"src/backend/campaign-service/src/main/java/com/example/campaignservice/controller/CampaignController.java","src/backend/campaign-service/src/main/java/com/example/campaignservice/controller/CampaignController.java","","org.openrewrite.java.migrate.UpgradeToJava21","0","1"
"src/backend/campaign-service/src/main/java/com/example/campaignservice/exception/ApplicationNotFoundException.java","src/backend/campaign-service/src/main/java/com/example/campaignservice/exception/ApplicationNotFoundException.java","org.openrewrite.java.migrate.UpgradeBuildToJava21","org.openrewrite.java.migrate.UpgradeJavaVersion","0","1"
"src/backend/campaign-service/src/main/java/com/example/campaignservice/exception/ApplicationNotFoundException.java","src/backend/campaign-service/src/main/java/com/example/campaignservice/exception/ApplicationNotFoundException.java","org.openrewrite.java.migrate.UpgradeToJava21","org.openrewrite.java.migrate.UpgradeBuildToJava21","0","1"
"src/backend/campaign-service/src/main/java/com/example/campaignservice/exception/ApplicationNotFoundException.java","src/backend/campaign-service/src/main/java/com/example/campaignservice/exception/ApplicationNotFoundException.java","","org.openrewrite.java.migrate.UpgradeToJava21","0","1"
"src/backend/campaign-service/src/main/java/com/example/campaignservice/exception/CampaignNotFoundException.java","src/backend/campaign-service/src/main/java/com/example/campaignservice/exception/CampaignNotFoundException.java","org.openrewrite.java.migrate.UpgradeBuildToJava21","org.openrewrite.java.migrate.UpgradeJavaVersion","0","1"
"src/backend/campaign-service/src/main/java/com/example/campaignservice/exception/CampaignNotFoundException.java","src/backend/campaign-service/src/main/java/com/example/campaignservice/exception/CampaignNotFoundException.java","org.openrewrite.java.migrate.UpgradeToJava21","org.openrewrite.java.migrate.UpgradeBuildToJava21","0","1"
"src/backend/campaign-service/src/main/java/com/example/campaignservice/exception/CampaignNotFoundException.java","src/backend/campaign-service/src/main/java/com/example/campaignservice/exception/CampaignNotFoundException.java","","org.openrewrite.java.migrate.UpgradeToJava21","0","1"
"src/backend/campaign-service/src/main/java/com/example/campaignservice/model/Application.java","src/backend/campaign-service/src/main/java/com/example/campaignservice/model/Application.java","org.openrewrite.java.migrate.UpgradeBuildToJava21","org.openrewrite.java.migrate.UpgradeJavaVersion","0","1"
"src/backend/campaign-service/src/main/java/com/example/campaignservice/model/Application.java","src/backend/campaign-service/src/main/java/com/example/campaignservice/model/Application.java","org.openrewrite.java.migrate.UpgradeToJava21","org.openrewrite.java.migrate.UpgradeBuildToJava21","0","1"
"src/backend/campaign-service/src/main/java/com/example/campaignservice/model/Application.java","src/backend/campaign-service/src/main/java/com/example/campaignservice/model/Application.java","","org.openrewrite.java.migrate.UpgradeToJava21","0","1"
"src/backend/campaign-service/src/main/java/com/example/campaignservice/model/Campaign.java","src/backend/campaign-service/src/main/java/com/example/campaignservice/model/Campaign.java","org.openrewrite.java.migrate.UpgradeBuildToJava21","org.openrewrite.java.migrate.UpgradeJavaVersion","0","1"
"src/backend/campaign-service/src/main/java/com/example/campaignservice/model/Campaign.java","src/backend/campaign-service/src/main/java/com/example/campaignservice/model/Campaign.java","org.openrewrite.java.migrate.UpgradeToJava21","org.openrewrite.java.migrate.UpgradeBuildToJava21","0","1"
"src/backend/campaign-service/src/main/java/com/example/campaignservice/model/Campaign.java","src/backend/campaign-service/src/main/java/com/example/campaignservice/model/Campaign.java","","org.openrewrite.java.migrate.UpgradeToJava21","0","1"
"src/backend/campaign-service/src/main/java/com/example/campaignservice/service/CampaignService.java","src/backend/campaign-service/src/main/java/com/example/campaignservice/service/CampaignService.java","org.openrewrite.java.migrate.UpgradeBuildToJava21","org.openrewrite.java.migrate.UpgradeJavaVersion","0","1"
"src/backend/campaign-service/src/main/java/com/example/campaignservice/service/CampaignService.java","src/backend/campaign-service/src/main/java/com/example/campaignservice/service/CampaignService.java","org.openrewrite.java.migrate.UpgradeToJava21","org.openrewrite.java.migrate.UpgradeBuildToJava21","0","1"
"src/backend/campaign-service/src/main/java/com/example/campaignservice/service/CampaignService.java","src/backend/campaign-service/src/main/java/com/example/campaignservice/service/CampaignService.java","","org.openrewrite.java.migrate.UpgradeToJava21","0","1"
"src/backend/campaign-service/src/main/java/com/example/campaignservice/service/ApplicationService.java","src/backend/campaign-service/src/main/java/com/example/campaignservice/service/ApplicationService.java","org.openrewrite.java.migrate.UpgradeBuildToJava21","org.openrewrite.java.migrate.UpgradeJavaVersion","0","1"
"src/backend/campaign-service/src/main/java/com/example/campaignservice/service/ApplicationService.java","src/backend/campaign-service/src/main/java/com/example/campaignservice/service/ApplicationService.java","org.openrewrite.java.migrate.UpgradeToJava21","org.openrewrite.java.migrate.UpgradeBuildToJava21","0","1"
"src/backend/campaign-service/src/main/java/com/example/campaignservice/service/ApplicationService.java","src/backend/campaign-service/src/main/java/com/example/campaignservice/service/ApplicationService.java","","org.openrewrite.java.migrate.UpgradeToJava21","0","1"
"src/backend/campaign-service/src/main/java/com/example/campaignservice/CampaignServiceApplication.java","src/backend/campaign-service/src/main/java/com/example/campaignservice/CampaignServiceApplication.java","org.openrewrite.java.migrate.UpgradeBuildToJava21","org.openrewrite.java.migrate.UpgradeJavaVersion","0","1"
"src/backend/campaign-service/src/main/java/com/example/campaignservice/CampaignServiceApplication.java","src/backend/campaign-service/src/main/java/com/example/campaignservice/CampaignServiceApplication.java","org.openrewrite.java.migrate.UpgradeToJava21","org.openrewrite.java.migrate.UpgradeBuildToJava21","0","1"
"src/backend/campaign-service/src/main/java/com/example/campaignservice/CampaignServiceApplication.java","src/backend/campaign-service/src/main/java/com/example/campaignservice/CampaignServiceApplication.java","","org.openrewrite.java.migrate.UpgradeToJava21","0","1"
"src/backend/campaign-service/src/main/java/com/example/campaignservice/repository/ApplicationRepository.java","src/backend/campaign-service/src/main/java/com/example/campaignservice/repository/ApplicationRepository.java","org.openrewrite.java.migrate.UpgradeBuildToJava21","org.openrewrite.java.migrate.UpgradeJavaVersion","0","1"
"src/backend/campaign-service/src/main/java/com/example/campaignservice/repository/ApplicationRepository.java","src/backend/campaign-service/src/main/java/com/example/campaignservice/repository/ApplicationRepository.java","org.openrewrite.java.migrate.UpgradeToJava21","org.openrewrite.java.migrate.UpgradeBuildToJava21","0","1"
"src/backend/campaign-service/src/main/java/com/example/campaignservice/repository/ApplicationRepository.java","src/backend/campaign-service/src/main/java/com/example/campaignservice/repository/ApplicationRepository.java","","org.openrewrite.java.migrate.UpgradeToJava21","0","1"
"src/backend/campaign-service/src/main/java/com/example/campaignservice/repository/CampaignRepository.java","src/backend/campaign-service/src/main/java/com/example/campaignservice/repository/CampaignRepository.java","org.openrewrite.java.migrate.UpgradeBuildToJava21","org.openrewrite.java.migrate.UpgradeJavaVersion","0","1"
"src/backend/campaign-service/src/main/java/com/example/campaignservice/repository/CampaignRepository.java","src/backend/campaign-service/src/main/java/com/example/campaignservice/repository/CampaignRepository.java","org.openrewrite.java.migrate.UpgradeToJava21","org.openrewrite.java.migrate.UpgradeBuildToJava21","0","1"
"src/backend/campaign-service/src/main/java/com/example/campaignservice/repository/CampaignRepository.java","src/backend/campaign-service/src/main/java/com/example/campaignservice/repository/CampaignRepository.java","","org.openrewrite.java.migrate.UpgradeToJava21","0","1"
"src/backend/campaign-service/src/test/java/com/example/campaignservice/CampaignServiceApplicationTests.java","src/backend/campaign-service/src/test/java/com/example/campaignservice/CampaignServiceApplicationTests.java","org.openrewrite.java.migrate.UpgradeBuildToJava21","org.openrewrite.java.migrate.UpgradeJavaVersion","0","1"
"src/backend/campaign-service/src/test/java/com/example/campaignservice/CampaignServiceApplicationTests.java","src/backend/campaign-service/src/test/java/com/example/campaignservice/CampaignServiceApplicationTests.java","org.openrewrite.java.migrate.UpgradeToJava21","org.openrewrite.java.migrate.UpgradeBuildToJava21","0","1"
"src/backend/campaign-service/src/test/java/com/example/campaignservice/CampaignServiceApplicationTests.java","src/backend/campaign-service/src/test/java/com/example/campaignservice/CampaignServiceApplicationTests.java","","org.openrewrite.java.migrate.UpgradeToJava21","0","1"
"src/backend/company-service/src/main/java/com/example/companyservice/controller/CompanyController.java","src/backend/company-service/src/main/java/com/example/companyservice/controller/CompanyController.java","org.openrewrite.java.migrate.UpgradeBuildToJava21","org.openrewrite.java.migrate.UpgradeJavaVersion","0","1"
"src/backend/company-service/src/main/java/com/example/companyservice/controller/CompanyController.java","src/backend/company-service/src/main/java/com/example/companyservice/controller/CompanyController.java","org.openrewrite.java.migrate.UpgradeToJava21","org.openrewrite.java.migrate.UpgradeBuildToJava21","0","1"
"src/backend/company-service/src/main/java/com/example/companyservice/controller/CompanyController.java","src/backend/company-service/src/main/java/com/example/companyservice/controller/CompanyController.java","","org.openrewrite.java.migrate.UpgradeToJava21","0","1"
"src/backend/company-service/src/main/java/com/example/companyservice/exception/CompanyNotFoundException.java","src/backend/company-service/src/main/java/com/example/companyservice/exception/CompanyNotFoundException.java","org.openrewrite.java.migrate.UpgradeBuildToJava21","org.openrewrite.java.migrate.UpgradeJavaVersion","0","1"
"src/backend/company-service/src/main/java/com/example/companyservice/exception/CompanyNotFoundException.java","src/backend/company-service/src/main/java/com/example/companyservice/exception/CompanyNotFoundException.java","org.openrewrite.java.migrate.UpgradeToJava21","org.openrewrite.java.migrate.UpgradeBuildToJava21","0","1"
"src/backend/company-service/src/main/java/com/example/companyservice/exception/CompanyNotFoundException.java","src/backend/company-service/src/main/java/com/example/companyservice/exception/CompanyNotFoundException.java","","org.openrewrite.java.migrate.UpgradeToJava21","0","1"
"src/backend/company-service/src/main/java/com/example/companyservice/model/Company.java","src/backend/company-service/src/main/java/com/example/companyservice/model/Company.java","org.openrewrite.java.migrate.UpgradeBuildToJava21","org.openrewrite.java.migrate.UpgradeJavaVersion","0","1"
"src/backend/company-service/src/main/java/com/example/companyservice/model/Company.java","src/backend/company-service/src/main/java/com/example/companyservice/model/Company.java","org.openrewrite.java.migrate.UpgradeToJava21","org.openrewrite.java.migrate.UpgradeBuildToJava21","0","1"
"src/backend/company-service/src/main/java/com/example/companyservice/model/Company.java","src/backend/company-service/src/main/java/com/example/companyservice/model/Company.java","","org.openrewrite.java.migrate.UpgradeToJava21","0","1"
"src/backend/company-service/src/main/java/com/example/companyservice/service/CompanyService.java","src/backend/company-service/src/main/java/com/example/companyservice/service/CompanyService.java","org.openrewrite.java.migrate.UpgradeBuildToJava21","org.openrewrite.java.migrate.UpgradeJavaVersion","0","1"
"src/backend/company-service/src/main/java/com/example/companyservice/service/CompanyService.java","src/backend/company-service/src/main/java/com/example/companyservice/service/CompanyService.java","org.openrewrite.java.migrate.UpgradeToJava21","org.openrewrite.java.migrate.UpgradeBuildToJava21","0","1"
"src/backend/company-service/src/main/java/com/example/companyservice/service/CompanyService.java","src/backend/company-service/src/main/java/com/example/companyservice/service/CompanyService.java","","org.openrewrite.java.migrate.UpgradeToJava21","0","1"
"src/backend/company-service/src/main/java/com/example/companyservice/repository/CompanyRepository.java","src/backend/company-service/src/main/java/com/example/companyservice/repository/CompanyRepository.java","org.openrewrite.java.migrate.UpgradeBuildToJava21","org.openrewrite.java.migrate.UpgradeJavaVersion","0","1"
"src/backend/company-service/src/main/java/com/example/companyservice/repository/CompanyRepository.java","src/backend/company-service/src/main/java/com/example/companyservice/repository/CompanyRepository.java","org.openrewrite.java.migrate.UpgradeToJava21","org.openrewrite.java.migrate.UpgradeBuildToJava21","0","1"
"src/backend/company-service/src/main/java/com/example/companyservice/repository/CompanyRepository.java","src/backend/company-service/src/main/java/com/example/companyservice/repository/CompanyRepository.java","","org.openrewrite.java.migrate.UpgradeToJava21","0","1"
"src/backend/company-service/src/main/java/com/example/companyservice/CompanyServiceApplication.java","src/backend/company-service/src/main/java/com/example/companyservice/CompanyServiceApplication.java","org.openrewrite.java.migrate.UpgradeBuildToJava21","org.openrewrite.java.migrate.UpgradeJavaVersion","0","1"
"src/backend/company-service/src/main/java/com/example/companyservice/CompanyServiceApplication.java","src/backend/company-service/src/main/java/com/example/companyservice/CompanyServiceApplication.java","org.openrewrite.java.migrate.UpgradeToJava21","org.openrewrite.java.migrate.UpgradeBuildToJava21","0","1"
"src/backend/company-service/src/main/java/com/example/companyservice/CompanyServiceApplication.java","src/backend/company-service/src/main/java/com/example/companyservice/CompanyServiceApplication.java","","org.openrewrite.java.migrate.UpgradeToJava21","0","1"
"src/backend/company-service/src/test/java/com/example/companyservice/CompanyServiceApplicationTests.java","src/backend/company-service/src/test/java/com/example/companyservice/CompanyServiceApplicationTests.java","org.openrewrite.java.migrate.UpgradeBuildToJava21","org.openrewrite.java.migrate.UpgradeJavaVersion","0","1"
"src/backend/company-service/src/test/java/com/example/companyservice/CompanyServiceApplicationTests.java","src/backend/company-service/src/test/java/com/example/companyservice/CompanyServiceApplicationTests.java","org.openrewrite.java.migrate.UpgradeToJava21","org.openrewrite.java.migrate.UpgradeBuildToJava21","0","1"
"src/backend/company-service/src/test/java/com/example/companyservice/CompanyServiceApplicationTests.java","src/backend/company-service/src/test/java/com/example/companyservice/CompanyServiceApplicationTests.java","","org.openrewrite.java.migrate.UpgradeToJava21","0","1"
"src/backend/gateway-service/src/main/java/com/example/gatewayservice/controller/CompanyBffController.java","src/backend/gateway-service/src/main/java/com/example/gatewayservice/controller/CompanyBffController.java","org.openrewrite.java.migrate.UpgradeBuildToJava21","org.openrewrite.java.migrate.UpgradeJavaVersion","0","1"
"src/backend/gateway-service/src/main/java/com/example/gatewayservice/controller/CompanyBffController.java","src/backend/gateway-service/src/main/java/com/example/gatewayservice/controller/CompanyBffController.java","org.openrewrite.java.migrate.UpgradeToJava21","org.openrewrite.java.migrate.UpgradeBuildToJava21","0","1"
"src/backend/gateway-service/src/main/java/com/example/gatewayservice/controller/CompanyBffController.java","src/backend/gateway-service/src/main/java/com/example/gatewayservice/controller/CompanyBffController.java","","org.openrewrite.java.migrate.UpgradeToJava21","0","1"
"src/backend/gateway-service/src/main/java/com/example/gatewayservice/config/SecurityConfig.java","src/backend/gateway-service/src/main/java/com/example/gatewayservice/config/SecurityConfig.java","org.openrewrite.java.migrate.UpgradeBuildToJava21","org.openrewrite.java.migrate.UpgradeJavaVersion","0","1"
"src/backend/gateway-service/src/main/java/com/example/gatewayservice/config/SecurityConfig.java","src/backend/gateway-service/src/main/java/com/example/gatewayservice/config/SecurityConfig.java","org.openrewrite.java.migrate.UpgradeToJava21","org.openrewrite.java.migrate.UpgradeBuildToJava21","0","1"
"src/backend/gateway-service/src/main/java/com/example/gatewayservice/config/SecurityConfig.java","src/backend/gateway-service/src/main/java/com/example/gatewayservice/config/SecurityConfig.java","","org.openrewrite.java.migrate.UpgradeToJava21","0","1"
"src/backend/gateway-service/src/main/java/com/example/gatewayservice/config/AuthenticationFilter.java","src/backend/gateway-service/src/main/java/com/example/gatewayservice/config/AuthenticationFilter.java","org.openrewrite.java.migrate.UpgradeBuildToJava21","org.openrewrite.java.migrate.UpgradeJavaVersion","0","1"
"src/backend/gateway-service/src/main/java/com/example/gatewayservice/config/AuthenticationFilter.java","src/backend/gateway-service/src/main/java/com/example/gatewayservice/config/AuthenticationFilter.java","org.openrewrite.java.migrate.UpgradeToJava21","org.openrewrite.java.migrate.UpgradeBuildToJava21","0","1"
"src/backend/gateway-service/src/main/java/com/example/gatewayservice/config/AuthenticationFilter.java","src/backend/gateway-service/src/main/java/com/example/gatewayservice/config/AuthenticationFilter.java","","org.openrewrite.java.migrate.UpgradeToJava21","0","1"
"src/backend/gateway-service/src/main/java/com/example/gatewayservice/config/AuthenticationFilter.java","src/backend/gateway-service/src/main/java/com/example/gatewayservice/config/AuthenticationFilter.java","org.openrewrite.java.migrate.util.SequencedCollection","org.openrewrite.java.migrate.util.ListFirstAndLast","300","1"
"src/backend/gateway-service/src/main/java/com/example/gatewayservice/config/AuthenticationFilter.java","src/backend/gateway-service/src/main/java/com/example/gatewayservice/config/AuthenticationFilter.java","org.openrewrite.java.migrate.UpgradeToJava21","org.openrewrite.java.migrate.util.SequencedCollection","300","1"
"src/backend/gateway-service/src/main/java/com/example/gatewayservice/config/AuthenticationFilter.java","src/backend/gateway-service/src/main/java/com/example/gatewayservice/config/AuthenticationFilter.java","","org.openrewrite.java.migrate.UpgradeToJava21","300","1"
"src/backend/gateway-service/src/main/java/com/example/gatewayservice/config/GatewayConfig.java","src/backend/gateway-service/src/main/java/com/example/gatewayservice/config/GatewayConfig.java","org.openrewrite.java.migrate.UpgradeBuildToJava21","org.openrewrite.java.migrate.UpgradeJavaVersion","0","1"
"src/backend/gateway-service/src/main/java/com/example/gatewayservice/config/GatewayConfig.java","src/backend/gateway-service/src/main/java/com/example/gatewayservice/config/GatewayConfig.java","org.openrewrite.java.migrate.UpgradeToJava21","org.openrewrite.java.migrate.UpgradeBuildToJava21","0","1"
"src/backend/gateway-service/src/main/java/com/example/gatewayservice/config/GatewayConfig.java","src/backend/gateway-service/src/main/java/com/example/gatewayservice/config/GatewayConfig.java","","org.openrewrite.java.migrate.UpgradeToJava21","0","1"
"src/backend/gateway-service/src/main/java/com/example/gatewayservice/config/WebClientConfig.java","src/backend/gateway-service/src/main/java/com/example/gatewayservice/config/WebClientConfig.java","org.openrewrite.java.migrate.UpgradeBuildToJava21","org.openrewrite.java.migrate.UpgradeJavaVersion","0","1"
"src/backend/gateway-service/src/main/java/com/example/gatewayservice/config/WebClientConfig.java","src/backend/gateway-service/src/main/java/com/example/gatewayservice/config/WebClientConfig.java","org.openrewrite.java.migrate.UpgradeToJava21","org.openrewrite.java.migrate.UpgradeBuildToJava21","0","1"
"src/backend/gateway-service/src/main/java/com/example/gatewayservice/config/WebClientConfig.java","src/backend/gateway-service/src/main/java/com/example/gatewayservice/config/WebClientConfig.java","","org.openrewrite.java.migrate.UpgradeToJava21","0","1"
"src/backend/gateway-service/src/main/java/com/example/gatewayservice/util/JwtUtil.java","src/backend/gateway-service/src/main/java/com/example/gatewayservice/util/JwtUtil.java","org.openrewrite.java.migrate.UpgradeBuildToJava21","org.openrewrite.java.migrate.UpgradeJavaVersion","0","1"
"src/backend/gateway-service/src/main/java/com/example/gatewayservice/util/JwtUtil.java","src/backend/gateway-service/src/main/java/com/example/gatewayservice/util/JwtUtil.java","org.openrewrite.java.migrate.UpgradeToJava21","org.openrewrite.java.migrate.UpgradeBuildToJava21","0","1"
"src/backend/gateway-service/src/main/java/com/example/gatewayservice/util/JwtUtil.java","src/backend/gateway-service/src/main/java/com/example/gatewayservice/util/JwtUtil.java","","org.openrewrite.java.migrate.UpgradeToJava21","0","1"
"src/backend/gateway-service/src/main/java/com/example/gatewayservice/GatewayServiceApplication.java","src/backend/gateway-service/src/main/java/com/example/gatewayservice/GatewayServiceApplication.java","org.openrewrite.java.migrate.UpgradeBuildToJava21","org.openrewrite.java.migrate.UpgradeJavaVersion","0","1"
"src/backend/gateway-service/src/main/java/com/example/gatewayservice/GatewayServiceApplication.java","src/backend/gateway-service/src/main/java/com/example/gatewayservice/GatewayServiceApplication.java","org.openrewrite.java.migrate.UpgradeToJava21","org.openrewrite.java.migrate.UpgradeBuildToJava21","0","1"
"src/backend/gateway-service/src/main/java/com/example/gatewayservice/GatewayServiceApplication.java","src/backend/gateway-service/src/main/java/com/example/gatewayservice/GatewayServiceApplication.java","","org.openrewrite.java.migrate.UpgradeToJava21","0","1"
"src/backend/gateway-service/src/main/java/com/example/gatewayservice/dto/Driver.java","src/backend/gateway-service/src/main/java/com/example/gatewayservice/dto/Driver.java","org.openrewrite.java.migrate.UpgradeBuildToJava21","org.openrewrite.java.migrate.UpgradeJavaVersion","0","1"
"src/backend/gateway-service/src/main/java/com/example/gatewayservice/dto/Driver.java","src/backend/gateway-service/src/main/java/com/example/gatewayservice/dto/Driver.java","org.openrewrite.java.migrate.UpgradeToJava21","org.openrewrite.java.migrate.UpgradeBuildToJava21","0","1"
"src/backend/gateway-service/src/main/java/com/example/gatewayservice/dto/Driver.java","src/backend/gateway-service/src/main/java/com/example/gatewayservice/dto/Driver.java","","org.openrewrite.java.migrate.UpgradeToJava21","0","1"
"src/backend/gateway-service/src/main/java/com/example/gatewayservice/dto/Application.java","src/backend/gateway-service/src/main/java/com/example/gatewayservice/dto/Application.java","org.openrewrite.java.migrate.UpgradeBuildToJava21","org.openrewrite.java.migrate.UpgradeJavaVersion","0","1"
"src/backend/gateway-service/src/main/java/com/example/gatewayservice/dto/Application.java","src/backend/gateway-service/src/main/java/com/example/gatewayservice/dto/Application.java","org.openrewrite.java.migrate.UpgradeToJava21","org.openrewrite.java.migrate.UpgradeBuildToJava21","0","1"
"src/backend/gateway-service/src/main/java/com/example/gatewayservice/dto/Application.java","src/backend/gateway-service/src/main/java/com/example/gatewayservice/dto/Application.java","","org.openrewrite.java.migrate.UpgradeToJava21","0","1"
"src/backend/gateway-service/src/main/java/com/example/gatewayservice/dto/ApplicationWithDriver.java","src/backend/gateway-service/src/main/java/com/example/gatewayservice/dto/ApplicationWithDriver.java","org.openrewrite.java.migrate.UpgradeBuildToJava21","org.openrewrite.java.migrate.UpgradeJavaVersion","0","1"
"src/backend/gateway-service/src/main/java/com/example/gatewayservice/dto/ApplicationWithDriver.java","src/backend/gateway-service/src/main/java/com/example/gatewayservice/dto/ApplicationWithDriver.java","org.openrewrite.java.migrate.UpgradeToJava21","org.openrewrite.java.migrate.UpgradeBuildToJava21","0","1"
"src/backend/gateway-service/src/main/java/com/example/gatewayservice/dto/ApplicationWithDriver.java","src/backend/gateway-service/src/main/java/com/example/gatewayservice/dto/ApplicationWithDriver.java","","org.openrewrite.java.migrate.UpgradeToJava21","0","1"
"src/backend/gateway-service/src/main/java/com/example/gatewayservice/dto/Campaign.java","src/backend/gateway-service/src/main/java/com/example/gatewayservice/dto/Campaign.java","org.openrewrite.java.migrate.UpgradeBuildToJava21","org.openrewrite.java.migrate.UpgradeJavaVersion","0","1"
"src/backend/gateway-service/src/main/java/com/example/gatewayservice/dto/Campaign.java","src/backend/gateway-service/src/main/java/com/example/gatewayservice/dto/Campaign.java","org.openrewrite.java.migrate.UpgradeToJava21","org.openrewrite.java.migrate.UpgradeBuildToJava21","0","1"
"src/backend/gateway-service/src/main/java/com/example/gatewayservice/dto/Campaign.java","src/backend/gateway-service/src/main/java/com/example/gatewayservice/dto/Campaign.java","","org.openrewrite.java.migrate.UpgradeToJava21","0","1"
"src/backend/gateway-service/src/main/java/com/example/gatewayservice/service/CompanyBffService.java","src/backend/gateway-service/src/main/java/com/example/gatewayservice/service/CompanyBffService.java","org.openrewrite.java.migrate.UpgradeBuildToJava21","org.openrewrite.java.migrate.UpgradeJavaVersion","0","1"
"src/backend/gateway-service/src/main/java/com/example/gatewayservice/service/CompanyBffService.java","src/backend/gateway-service/src/main/java/com/example/gatewayservice/service/CompanyBffService.java","org.openrewrite.java.migrate.UpgradeToJava21","org.openrewrite.java.migrate.UpgradeBuildToJava21","0","1"
"src/backend/gateway-service/src/main/java/com/example/gatewayservice/service/CompanyBffService.java","src/backend/gateway-service/src/main/java/com/example/gatewayservice/service/CompanyBffService.java","","org.openrewrite.java.migrate.UpgradeToJava21","0","1"
"src/backend/gateway-service/src/main/java/com/example/gatewayservice/filter/RouteValidator.java","src/backend/gateway-service/src/main/java/com/example/gatewayservice/filter/RouteValidator.java","org.openrewrite.java.migrate.UpgradeBuildToJava21","org.openrewrite.java.migrate.UpgradeJavaVersion","0","1"
"src/backend/gateway-service/src/main/java/com/example/gatewayservice/filter/RouteValidator.java","src/backend/gateway-service/src/main/java/com/example/gatewayservice/filter/RouteValidator.java","org.openrewrite.java.migrate.UpgradeToJava21","org.openrewrite.java.migrate.UpgradeBuildToJava21","0","1"
"src/backend/gateway-service/src/main/java/com/example/gatewayservice/filter/RouteValidator.java","src/backend/gateway-service/src/main/java/com/example/gatewayservice/filter/RouteValidator.java","","org.openrewrite.java.migrate.UpgradeToJava21","0","1"
"src/backend/gateway-service/src/test/java/com/example/gatewayservice/util/TestJwtUtil.java","src/backend/gateway-service/src/test/java/com/example/gatewayservice/util/TestJwtUtil.java","org.openrewrite.java.migrate.UpgradeBuildToJava21","org.openrewrite.java.migrate.UpgradeJavaVersion","0","1"
"src/backend/gateway-service/src/test/java/com/example/gatewayservice/util/TestJwtUtil.java","src/backend/gateway-service/src/test/java/com/example/gatewayservice/util/TestJwtUtil.java","org.openrewrite.java.migrate.UpgradeToJava21","org.openrewrite.java.migrate.UpgradeBuildToJava21","0","1"
"src/backend/gateway-service/src/test/java/com/example/gatewayservice/util/TestJwtUtil.java","src/backend/gateway-service/src/test/java/com/example/gatewayservice/util/TestJwtUtil.java","","org.openrewrite.java.migrate.UpgradeToJava21","0","1"
"src/backend/gateway-service/src/test/java/com/example/gatewayservice/GatewayServiceApplicationTests.java","src/backend/gateway-service/src/test/java/com/example/gatewayservice/GatewayServiceApplicationTests.java","org.openrewrite.java.migrate.UpgradeBuildToJava21","org.openrewrite.java.migrate.UpgradeJavaVersion","0","1"
"src/backend/gateway-service/src/test/java/com/example/gatewayservice/GatewayServiceApplicationTests.java","src/backend/gateway-service/src/test/java/com/example/gatewayservice/GatewayServiceApplicationTests.java","org.openrewrite.java.migrate.UpgradeToJava21","org.openrewrite.java.migrate.UpgradeBuildToJava21","0","1"
"src/backend/gateway-service/src/test/java/com/example/gatewayservice/GatewayServiceApplicationTests.java","src/backend/gateway-service/src/test/java/com/example/gatewayservice/GatewayServiceApplicationTests.java","","org.openrewrite.java.migrate.UpgradeToJava21","0","1"
"src/backend/gateway-service/src/test/java/com/example/gatewayservice/integration/GatewaySecurityIntegrationTest.java","src/backend/gateway-service/src/test/java/com/example/gatewayservice/integration/GatewaySecurityIntegrationTest.java","org.openrewrite.java.migrate.UpgradeBuildToJava21","org.openrewrite.java.migrate.UpgradeJavaVersion","0","1"
"src/backend/gateway-service/src/test/java/com/example/gatewayservice/integration/GatewaySecurityIntegrationTest.java","src/backend/gateway-service/src/test/java/com/example/gatewayservice/integration/GatewaySecurityIntegrationTest.java","org.openrewrite.java.migrate.UpgradeToJava21","org.openrewrite.java.migrate.UpgradeBuildToJava21","0","1"
"src/backend/gateway-service/src/test/java/com/example/gatewayservice/integration/GatewaySecurityIntegrationTest.java","src/backend/gateway-service/src/test/java/com/example/gatewayservice/integration/GatewaySecurityIntegrationTest.java","","org.openrewrite.java.migrate.UpgradeToJava21","0","1"
"src/backend/auth-service/src/main/java/com/adonwheels/authservice/controller/AuthController.java","src/backend/auth-service/src/main/java/com/adonwheels/authservice/controller/AuthController.java","org.openrewrite.java.migrate.UpgradeBuildToJava21","org.openrewrite.java.migrate.UpgradeJavaVersion","0","1"
"src/backend/auth-service/src/main/java/com/adonwheels/authservice/controller/AuthController.java","src/backend/auth-service/src/main/java/com/adonwheels/authservice/controller/AuthController.java","org.openrewrite.java.migrate.UpgradeToJava21","org.openrewrite.java.migrate.UpgradeBuildToJava21","0","1"
"src/backend/auth-service/src/main/java/com/adonwheels/authservice/controller/AuthController.java","src/backend/auth-service/src/main/java/com/adonwheels/authservice/controller/AuthController.java","","org.openrewrite.java.migrate.UpgradeToJava21","0","1"
"src/backend/auth-service/src/main/java/com/adonwheels/authservice/exception/ValidationExceptionHandler.java","src/backend/auth-service/src/main/java/com/adonwheels/authservice/exception/ValidationExceptionHandler.java","org.openrewrite.java.migrate.UpgradeBuildToJava21","org.openrewrite.java.migrate.UpgradeJavaVersion","0","1"
"src/backend/auth-service/src/main/java/com/adonwheels/authservice/exception/ValidationExceptionHandler.java","src/backend/auth-service/src/main/java/com/adonwheels/authservice/exception/ValidationExceptionHandler.java","org.openrewrite.java.migrate.UpgradeToJava21","org.openrewrite.java.migrate.UpgradeBuildToJava21","0","1"
"src/backend/auth-service/src/main/java/com/adonwheels/authservice/exception/ValidationExceptionHandler.java","src/backend/auth-service/src/main/java/com/adonwheels/authservice/exception/ValidationExceptionHandler.java","","org.openrewrite.java.migrate.UpgradeToJava21","0","1"
"src/backend/auth-service/src/main/java/com/adonwheels/authservice/config/AppConfig.java","src/backend/auth-service/src/main/java/com/adonwheels/authservice/config/AppConfig.java","org.openrewrite.java.migrate.UpgradeBuildToJava21","org.openrewrite.java.migrate.UpgradeJavaVersion","0","1"
"src/backend/auth-service/src/main/java/com/adonwheels/authservice/config/AppConfig.java","src/backend/auth-service/src/main/java/com/adonwheels/authservice/config/AppConfig.java","org.openrewrite.java.migrate.UpgradeToJava21","org.openrewrite.java.migrate.UpgradeBuildToJava21","0","1"
"src/backend/auth-service/src/main/java/com/adonwheels/authservice/config/AppConfig.java","src/backend/auth-service/src/main/java/com/adonwheels/authservice/config/AppConfig.java","","org.openrewrite.java.migrate.UpgradeToJava21","0","1"
"src/backend/auth-service/src/main/java/com/adonwheels/authservice/config/SecurityConfig.java","src/backend/auth-service/src/main/java/com/adonwheels/authservice/config/SecurityConfig.java","org.openrewrite.java.migrate.UpgradeBuildToJava21","org.openrewrite.java.migrate.UpgradeJavaVersion","0","1"
"src/backend/auth-service/src/main/java/com/adonwheels/authservice/config/SecurityConfig.java","src/backend/auth-service/src/main/java/com/adonwheels/authservice/config/SecurityConfig.java","org.openrewrite.java.migrate.UpgradeToJava21","org.openrewrite.java.migrate.UpgradeBuildToJava21","0","1"
"src/backend/auth-service/src/main/java/com/adonwheels/authservice/config/SecurityConfig.java","src/backend/auth-service/src/main/java/com/adonwheels/authservice/config/SecurityConfig.java","","org.openrewrite.java.migrate.UpgradeToJava21","0","1"
"src/backend/auth-service/src/main/java/com/adonwheels/authservice/model/User.java","src/backend/auth-service/src/main/java/com/adonwheels/authservice/model/User.java","org.openrewrite.java.migrate.UpgradeBuildToJava21","org.openrewrite.java.migrate.UpgradeJavaVersion","0","1"
"src/backend/auth-service/src/main/java/com/adonwheels/authservice/model/User.java","src/backend/auth-service/src/main/java/com/adonwheels/authservice/model/User.java","org.openrewrite.java.migrate.UpgradeToJava21","org.openrewrite.java.migrate.UpgradeBuildToJava21","0","1"
"src/backend/auth-service/src/main/java/com/adonwheels/authservice/model/User.java","src/backend/auth-service/src/main/java/com/adonwheels/authservice/model/User.java","","org.openrewrite.java.migrate.UpgradeToJava21","0","1"
"src/backend/auth-service/src/main/java/com/adonwheels/authservice/model/Role.java","src/backend/auth-service/src/main/java/com/adonwheels/authservice/model/Role.java","org.openrewrite.java.migrate.UpgradeBuildToJava21","org.openrewrite.java.migrate.UpgradeJavaVersion","0","1"
"src/backend/auth-service/src/main/java/com/adonwheels/authservice/model/Role.java","src/backend/auth-service/src/main/java/com/adonwheels/authservice/model/Role.java","org.openrewrite.java.migrate.UpgradeToJava21","org.openrewrite.java.migrate.UpgradeBuildToJava21","0","1"
"src/backend/auth-service/src/main/java/com/adonwheels/authservice/model/Role.java","src/backend/auth-service/src/main/java/com/adonwheels/authservice/model/Role.java","","org.openrewrite.java.migrate.UpgradeToJava21","0","1"
"src/backend/auth-service/src/main/java/com/adonwheels/authservice/model/CustomUserDetails.java","src/backend/auth-service/src/main/java/com/adonwheels/authservice/model/CustomUserDetails.java","org.openrewrite.java.migrate.UpgradeBuildToJava21","org.openrewrite.java.migrate.UpgradeJavaVersion","0","1"
"src/backend/auth-service/src/main/java/com/adonwheels/authservice/model/CustomUserDetails.java","src/backend/auth-service/src/main/java/com/adonwheels/authservice/model/CustomUserDetails.java","org.openrewrite.java.migrate.UpgradeToJava21","org.openrewrite.java.migrate.UpgradeBuildToJava21","0","1"
"src/backend/auth-service/src/main/java/com/adonwheels/authservice/model/CustomUserDetails.java","src/backend/auth-service/src/main/java/com/adonwheels/authservice/model/CustomUserDetails.java","","org.openrewrite.java.migrate.UpgradeToJava21","0","1"
"src/backend/auth-service/src/main/java/com/adonwheels/authservice/dto/LoginResponse.java","src/backend/auth-service/src/main/java/com/adonwheels/authservice/dto/LoginResponse.java","org.openrewrite.java.migrate.UpgradeBuildToJava21","org.openrewrite.java.migrate.UpgradeJavaVersion","0","1"
"src/backend/auth-service/src/main/java/com/adonwheels/authservice/dto/LoginResponse.java","src/backend/auth-service/src/main/java/com/adonwheels/authservice/dto/LoginResponse.java","org.openrewrite.java.migrate.UpgradeToJava21","org.openrewrite.java.migrate.UpgradeBuildToJava21","0","1"
"src/backend/auth-service/src/main/java/com/adonwheels/authservice/dto/LoginResponse.java","src/backend/auth-service/src/main/java/com/adonwheels/authservice/dto/LoginResponse.java","","org.openrewrite.java.migrate.UpgradeToJava21","0","1"
"src/backend/auth-service/src/main/java/com/adonwheels/authservice/dto/ProfileResponse.java","src/backend/auth-service/src/main/java/com/adonwheels/authservice/dto/ProfileResponse.java","org.openrewrite.java.migrate.UpgradeBuildToJava21","org.openrewrite.java.migrate.UpgradeJavaVersion","0","1"
"src/backend/auth-service/src/main/java/com/adonwheels/authservice/dto/ProfileResponse.java","src/backend/auth-service/src/main/java/com/adonwheels/authservice/dto/ProfileResponse.java","org.openrewrite.java.migrate.UpgradeToJava21","org.openrewrite.java.migrate.UpgradeBuildToJava21","0","1"
"src/backend/auth-service/src/main/java/com/adonwheels/authservice/dto/ProfileResponse.java","src/backend/auth-service/src/main/java/com/adonwheels/authservice/dto/ProfileResponse.java","","org.openrewrite.java.migrate.UpgradeToJava21","0","1"
"src/backend/auth-service/src/main/java/com/adonwheels/authservice/dto/RegistrationResponse.java","src/backend/auth-service/src/main/java/com/adonwheels/authservice/dto/RegistrationResponse.java","org.openrewrite.java.migrate.UpgradeBuildToJava21","org.openrewrite.java.migrate.UpgradeJavaVersion","0","1"
"src/backend/auth-service/src/main/java/com/adonwheels/authservice/dto/RegistrationResponse.java","src/backend/auth-service/src/main/java/com/adonwheels/authservice/dto/RegistrationResponse.java","org.openrewrite.java.migrate.UpgradeToJava21","org.openrewrite.java.migrate.UpgradeBuildToJava21","0","1"
"src/backend/auth-service/src/main/java/com/adonwheels/authservice/dto/RegistrationResponse.java","src/backend/auth-service/src/main/java/com/adonwheels/authservice/dto/RegistrationResponse.java","","org.openrewrite.java.migrate.UpgradeToJava21","0","1"
"src/backend/auth-service/src/main/java/com/adonwheels/authservice/dto/LoginRequest.java","src/backend/auth-service/src/main/java/com/adonwheels/authservice/dto/LoginRequest.java","org.openrewrite.java.migrate.UpgradeBuildToJava21","org.openrewrite.java.migrate.UpgradeJavaVersion","0","1"
"src/backend/auth-service/src/main/java/com/adonwheels/authservice/dto/LoginRequest.java","src/backend/auth-service/src/main/java/com/adonwheels/authservice/dto/LoginRequest.java","org.openrewrite.java.migrate.UpgradeToJava21","org.openrewrite.java.migrate.UpgradeBuildToJava21","0","1"
"src/backend/auth-service/src/main/java/com/adonwheels/authservice/dto/LoginRequest.java","src/backend/auth-service/src/main/java/com/adonwheels/authservice/dto/LoginRequest.java","","org.openrewrite.java.migrate.UpgradeToJava21","0","1"
"src/backend/auth-service/src/main/java/com/adonwheels/authservice/dto/ProfileRequest.java","src/backend/auth-service/src/main/java/com/adonwheels/authservice/dto/ProfileRequest.java","org.openrewrite.java.migrate.UpgradeBuildToJava21","org.openrewrite.java.migrate.UpgradeJavaVersion","0","1"
"src/backend/auth-service/src/main/java/com/adonwheels/authservice/dto/ProfileRequest.java","src/backend/auth-service/src/main/java/com/adonwheels/authservice/dto/ProfileRequest.java","org.openrewrite.java.migrate.UpgradeToJava21","org.openrewrite.java.migrate.UpgradeBuildToJava21","0","1"
"src/backend/auth-service/src/main/java/com/adonwheels/authservice/dto/ProfileRequest.java","src/backend/auth-service/src/main/java/com/adonwheels/authservice/dto/ProfileRequest.java","","org.openrewrite.java.migrate.UpgradeToJava21","0","1"
"src/backend/auth-service/src/main/java/com/adonwheels/authservice/dto/RegistrationRequest.java","src/backend/auth-service/src/main/java/com/adonwheels/authservice/dto/RegistrationRequest.java","org.openrewrite.java.migrate.UpgradeBuildToJava21","org.openrewrite.java.migrate.UpgradeJavaVersion","0","1"
"src/backend/auth-service/src/main/java/com/adonwheels/authservice/dto/RegistrationRequest.java","src/backend/auth-service/src/main/java/com/adonwheels/authservice/dto/RegistrationRequest.java","org.openrewrite.java.migrate.UpgradeToJava21","org.openrewrite.java.migrate.UpgradeBuildToJava21","0","1"
"src/backend/auth-service/src/main/java/com/adonwheels/authservice/dto/RegistrationRequest.java","src/backend/auth-service/src/main/java/com/adonwheels/authservice/dto/RegistrationRequest.java","","org.openrewrite.java.migrate.UpgradeToJava21","0","1"
"src/backend/auth-service/src/main/java/com/adonwheels/authservice/aspect/GlobalExceptionHandlerAspect.java","src/backend/auth-service/src/main/java/com/adonwheels/authservice/aspect/GlobalExceptionHandlerAspect.java","org.openrewrite.java.migrate.UpgradeBuildToJava21","org.openrewrite.java.migrate.UpgradeJavaVersion","0","1"
"src/backend/auth-service/src/main/java/com/adonwheels/authservice/aspect/GlobalExceptionHandlerAspect.java","src/backend/auth-service/src/main/java/com/adonwheels/authservice/aspect/GlobalExceptionHandlerAspect.java","org.openrewrite.java.migrate.UpgradeToJava21","org.openrewrite.java.migrate.UpgradeBuildToJava21","0","1"
"src/backend/auth-service/src/main/java/com/adonwheels/authservice/aspect/GlobalExceptionHandlerAspect.java","src/backend/auth-service/src/main/java/com/adonwheels/authservice/aspect/GlobalExceptionHandlerAspect.java","","org.openrewrite.java.migrate.UpgradeToJava21","0","1"
"src/backend/auth-service/src/main/java/com/adonwheels/authservice/service/MyUserDetailsService.java","src/backend/auth-service/src/main/java/com/adonwheels/authservice/service/MyUserDetailsService.java","org.openrewrite.java.migrate.UpgradeBuildToJava21","org.openrewrite.java.migrate.UpgradeJavaVersion","0","1"
"src/backend/auth-service/src/main/java/com/adonwheels/authservice/service/MyUserDetailsService.java","src/backend/auth-service/src/main/java/com/adonwheels/authservice/service/MyUserDetailsService.java","org.openrewrite.java.migrate.UpgradeToJava21","org.openrewrite.java.migrate.UpgradeBuildToJava21","0","1"
"src/backend/auth-service/src/main/java/com/adonwheels/authservice/service/MyUserDetailsService.java","src/backend/auth-service/src/main/java/com/adonwheels/authservice/service/MyUserDetailsService.java","","org.openrewrite.java.migrate.UpgradeToJava21","0","1"
"src/backend/auth-service/src/main/java/com/adonwheels/authservice/service/AuthService.java","src/backend/auth-service/src/main/java/com/adonwheels/authservice/service/AuthService.java","org.openrewrite.java.migrate.UpgradeBuildToJava21","org.openrewrite.java.migrate.UpgradeJavaVersion","0","1"
"src/backend/auth-service/src/main/java/com/adonwheels/authservice/service/AuthService.java","src/backend/auth-service/src/main/java/com/adonwheels/authservice/service/AuthService.java","org.openrewrite.java.migrate.UpgradeToJava21","org.openrewrite.java.migrate.UpgradeBuildToJava21","0","1"
"src/backend/auth-service/src/main/java/com/adonwheels/authservice/service/AuthService.java","src/backend/auth-service/src/main/java/com/adonwheels/authservice/service/AuthService.java","","org.openrewrite.java.migrate.UpgradeToJava21","0","1"
"src/backend/auth-service/src/main/java/com/adonwheels/authservice/service/RegistrationSagaOrchestratorService.java","src/backend/auth-service/src/main/java/com/adonwheels/authservice/service/RegistrationSagaOrchestratorService.java","org.openrewrite.java.migrate.UpgradeBuildToJava21","org.openrewrite.java.migrate.UpgradeJavaVersion","0","1"
"src/backend/auth-service/src/main/java/com/adonwheels/authservice/service/RegistrationSagaOrchestratorService.java","src/backend/auth-service/src/main/java/com/adonwheels/authservice/service/RegistrationSagaOrchestratorService.java","org.openrewrite.java.migrate.UpgradeToJava21","org.openrewrite.java.migrate.UpgradeBuildToJava21","0","1"
"src/backend/auth-service/src/main/java/com/adonwheels/authservice/service/RegistrationSagaOrchestratorService.java","src/backend/auth-service/src/main/java/com/adonwheels/authservice/service/RegistrationSagaOrchestratorService.java","","org.openrewrite.java.migrate.UpgradeToJava21","0","1"
"src/backend/auth-service/src/main/java/com/adonwheels/authservice/service/JWTService.java","src/backend/auth-service/src/main/java/com/adonwheels/authservice/service/JWTService.java","org.openrewrite.java.migrate.UpgradeBuildToJava21","org.openrewrite.java.migrate.UpgradeJavaVersion","0","1"
"src/backend/auth-service/src/main/java/com/adonwheels/authservice/service/JWTService.java","src/backend/auth-service/src/main/java/com/adonwheels/authservice/service/JWTService.java","org.openrewrite.java.migrate.UpgradeToJava21","org.openrewrite.java.migrate.UpgradeBuildToJava21","0","1"
"src/backend/auth-service/src/main/java/com/adonwheels/authservice/service/JWTService.java","src/backend/auth-service/src/main/java/com/adonwheels/authservice/service/JWTService.java","","org.openrewrite.java.migrate.UpgradeToJava21","0","1"
"src/backend/auth-service/src/main/java/com/adonwheels/authservice/repository/AuthRepository.java","src/backend/auth-service/src/main/java/com/adonwheels/authservice/repository/AuthRepository.java","org.openrewrite.java.migrate.UpgradeBuildToJava21","org.openrewrite.java.migrate.UpgradeJavaVersion","0","1"
"src/backend/auth-service/src/main/java/com/adonwheels/authservice/repository/AuthRepository.java","src/backend/auth-service/src/main/java/com/adonwheels/authservice/repository/AuthRepository.java","org.openrewrite.java.migrate.UpgradeToJava21","org.openrewrite.java.migrate.UpgradeBuildToJava21","0","1"
"src/backend/auth-service/src/main/java/com/adonwheels/authservice/repository/AuthRepository.java","src/backend/auth-service/src/main/java/com/adonwheels/authservice/repository/AuthRepository.java","","org.openrewrite.java.migrate.UpgradeToJava21","0","1"
"src/backend/auth-service/src/main/java/com/adonwheels/authservice/AuthServiceApplication.java","src/backend/auth-service/src/main/java/com/adonwheels/authservice/AuthServiceApplication.java","org.openrewrite.java.migrate.UpgradeBuildToJava21","org.openrewrite.java.migrate.UpgradeJavaVersion","0","1"
"src/backend/auth-service/src/main/java/com/adonwheels/authservice/AuthServiceApplication.java","src/backend/auth-service/src/main/java/com/adonwheels/authservice/AuthServiceApplication.java","org.openrewrite.java.migrate.UpgradeToJava21","org.openrewrite.java.migrate.UpgradeBuildToJava21","0","1"
"src/backend/auth-service/src/main/java/com/adonwheels/authservice/AuthServiceApplication.java","src/backend/auth-service/src/main/java/com/adonwheels/authservice/AuthServiceApplication.java","","org.openrewrite.java.migrate.UpgradeToJava21","0","1"
"src/backend/auth-service/src/test/java/com/adonwheels/authservice/config/TestSecurityConfig.java","src/backend/auth-service/src/test/java/com/adonwheels/authservice/config/TestSecurityConfig.java","org.openrewrite.java.migrate.UpgradeBuildToJava21","org.openrewrite.java.migrate.UpgradeJavaVersion","0","1"
"src/backend/auth-service/src/test/java/com/adonwheels/authservice/config/TestSecurityConfig.java","src/backend/auth-service/src/test/java/com/adonwheels/authservice/config/TestSecurityConfig.java","org.openrewrite.java.migrate.UpgradeToJava21","org.openrewrite.java.migrate.UpgradeBuildToJava21","0","1"
"src/backend/auth-service/src/test/java/com/adonwheels/authservice/config/TestSecurityConfig.java","src/backend/auth-service/src/test/java/com/adonwheels/authservice/config/TestSecurityConfig.java","","org.openrewrite.java.migrate.UpgradeToJava21","0","1"
"src/backend/auth-service/src/test/java/com/adonwheels/authservice/aspect/GlobalExceptionHandlerAspectTest.java","src/backend/auth-service/src/test/java/com/adonwheels/authservice/aspect/GlobalExceptionHandlerAspectTest.java","org.openrewrite.java.migrate.UpgradeBuildToJava21","org.openrewrite.java.migrate.UpgradeJavaVersion","0","1"
"src/backend/auth-service/src/test/java/com/adonwheels/authservice/aspect/GlobalExceptionHandlerAspectTest.java","src/backend/auth-service/src/test/java/com/adonwheels/authservice/aspect/GlobalExceptionHandlerAspectTest.java","org.openrewrite.java.migrate.UpgradeToJava21","org.openrewrite.java.migrate.UpgradeBuildToJava21","0","1"
"src/backend/auth-service/src/test/java/com/adonwheels/authservice/aspect/GlobalExceptionHandlerAspectTest.java","src/backend/auth-service/src/test/java/com/adonwheels/authservice/aspect/GlobalExceptionHandlerAspectTest.java","","org.openrewrite.java.migrate.UpgradeToJava21","0","1"
"src/backend/auth-service/src/test/java/com/adonwheels/authservice/AuthServiceApplicationTests.java","src/backend/auth-service/src/test/java/com/adonwheels/authservice/AuthServiceApplicationTests.java","org.openrewrite.java.migrate.UpgradeBuildToJava21","org.openrewrite.java.migrate.UpgradeJavaVersion","0","1"
"src/backend/auth-service/src/test/java/com/adonwheels/authservice/AuthServiceApplicationTests.java","src/backend/auth-service/src/test/java/com/adonwheels/authservice/AuthServiceApplicationTests.java","org.openrewrite.java.migrate.UpgradeToJava21","org.openrewrite.java.migrate.UpgradeBuildToJava21","0","1"
"src/backend/auth-service/src/test/java/com/adonwheels/authservice/AuthServiceApplicationTests.java","src/backend/auth-service/src/test/java/com/adonwheels/authservice/AuthServiceApplicationTests.java","","org.openrewrite.java.migrate.UpgradeToJava21","0","1"
