"The recipe","Source file count","Source file changed count","Cumulative scanning time","99th percentile scanning time","Max scanning time","Cumulative edit time","99th percentile edit time","Max edit time"
"The recipe whose stats are being measured both individually and cumulatively.","The number of source files the recipe ran over.","The number of source files which were changed in the recipe run. Includes files created, deleted, and edited.","The total time spent across the scanning phase of this recipe.","99 out of 100 scans completed in this amount of time.","The max time scanning any one source file.","The total time spent across the editing phase of this recipe.","99 out of 100 edits completed in this amount of time.","The max time editing any one source file."
"org.openrewrite.java.ChangeMethodAccessLevel","680","71","0","0.0","0","1635464","0.99","29558"
"org.openrewrite.java.migrate.javax.AddJaxwsRuntime","170","71","0","0.0","0","22096","0.99","1025"
"org.openrewrite.java.migrate.net.MigrateMulticastSocketGetTTLToGetTimeToLive","170","71","0","0.0","0","14795","0.99","605"
"org.openrewrite.github.SetupJavaUpgradeJavaVersion","510","71","0","0.0","0","869387","0.99","46757"
"org.openrewrite.java.migrate.UpgradeToJava6","170","71","0","0.0","0","9774","0.99","444"
"org.openrewrite.java.migrate.UpgradeToJava17","170","71","0","0.0","0","10859","0.99","536"
"org.openrewrite.java.migrate.UpgradeToJava7","170","71","0","0.0","0","10424","0.99","447"
"org.openrewrite.java.migrate.AddLombokMapstructBinding","170","71","0","0.0","0","18769","0.99","1421"
"org.openrewrite.java.migrate.RemovedLegacySunJSSEProviderName","170","71","0","0.0","0","23031","0.99","1242"
"org.openrewrite.java.migrate.UpgradeToJava8","170","71","0","0.0","0","11820","0.99","1462"
"org.openrewrite.java.migrate.util.OptionalNotEmptyToIsPresent","170","71","0","0.0","0","630717","0.99","128833"
"org.openrewrite.java.migrate.DeprecatedCountStackFramesMethod","170","71","0","0.0","0","23904","0.99","864"
"org.openrewrite.maven.ChangeManagedDependencyGroupIdAndArtifactId","340","71","0","0.0","0","3566832","0.99","1581381"
"org.openrewrite.java.migrate.sql.MigrateDriverManagerSetLogStream","170","71","0","0.0","0","121878","0.99","6312"
"org.openrewrite.java.migrate.UpgradeToJava21","170","71","0","0.0","0","11096","0.99","561"
"org.openrewrite.java.migrate.javax.MigrateAbstractTypeVisitor6To9","170","71","0","0.0","0","22822","0.99","1726"
"org.openrewrite.java.migrate.JREThrowableFinalMethods","170","71","0","0.0","0","748406","0.99","54272"
"org.openrewrite.config.DeclarativeRecipe$PreconditionBellwether","170","71","0","0.0","0","7797364","0.99","2159500"
"org.openrewrite.java.migrate.ReplaceLocalizedStreamMethods","170","71","0","0.0","0","4716844","0.99","298460"
"org.openrewrite.java.migrate.JREJdbcInterfaceNewMethods","170","71","0","0.0","0","31282","0.99","1048"
"org.openrewrite.java.dependencies.ChangeDependency","510","71","0","0.0","0","15915885","0.99","2589336"
"org.openrewrite.java.migrate.javax.MigrateXMLEventFactoryNewInstanceToNewFactory","170","71","0","0.0","0","9907","0.99","488"
"org.openrewrite.java.migrate.RemoveIllegalSemicolons","170","71","0","0.0","0","5514078","0.99","267267"
"org.openrewrite.staticanalysis.BigDecimalRoundingConstantsToEnums","170","71","0","0.0","0","1284235","0.99","109273"
"org.openrewrite.java.migrate.javax.MigrateElementKindVisitor6To9","170","71","0","0.0","0","19847","0.99","635"
"org.openrewrite.java.migrate.lombok.LombokValToFinalVar","170","71","0","0.0","0","2796946","0.99","113475"
"org.openrewrite.gradle.AddDependency","170","71","1180770","0.99","68533","1054089","0.99","60544"
"org.openrewrite.java.migrate.UpgradeJavaVersion","510","71","0","0.0","0","34238407","0.99","738881"
"org.openrewrite.java.migrate.lang.MigrateClassNewInstanceToGetDeclaredConstructorNewInstance","170","71","0","0.0","0","1735583","0.99","89731"
"org.openrewrite.java.migrate.ReplaceComSunAWTUtilitiesMethods","170","71","0","0.0","0","6274423","0.99","531550"
"org.openrewrite.java.migrate.util.ReplaceMathRandomWithThreadLocalRandomRecipe","170","71","0","0.0","0","845443","0.99","250078"
"org.openrewrite.java.dependencies.RemoveDependency","340","71","652826","0.99","69675","10217026","0.99","1938129"
"org.openrewrite.java.migrate.javax.MigrateAbstractAnnotationValueVisitor6To9","170","71","0","0.0","0","10268","0.99","482"
"org.openrewrite.java.ChangePackage","510","71","0","0.0","0","11508024","0.99","635903"
"org.openrewrite.java.migrate.util.ListFirstAndLast","170","71","0","0.0","0","2231935","0.99","621986"
"org.openrewrite.java.migrate.maven.UpdateMavenProjectPropertyJavaVersion","510","71","0","0.0","0","391898177","0.99","388859169"
"org.openrewrite.java.migrate.net.URLConstructorsToURIRecipes$URLSingleArgumentConstructorRecipe","170","71","0","0.0","0","7354606","0.99","372255"
"org.openrewrite.staticanalysis.PrimitiveWrapperClassConstructorToValueOf","170","71","0","0.0","0","7907257","0.99","449505"
"org.openrewrite.staticanalysis.InstanceOfPatternMatch","170","71","0","0.0","0","6068489","0.99","311860"
"org.openrewrite.java.migrate.SunNetSslPackageUnavailable","170","71","0","0.0","0","15592","0.99","509"
"org.openrewrite.java.migrate.net.MigrateURLEncoderEncode","170","71","0","0.0","0","554757","0.99","64779"
"org.openrewrite.java.migrate.lang.MigrateCharacterIsSpaceToIsWhitespace","170","71","0","0.0","0","15958","0.99","647"
"org.openrewrite.java.migrate.cobertura.RemoveCoberturaMavenPlugin","170","71","0","0.0","0","20754","0.99","966"
"org.openrewrite.java.migrate.RemovedZipFinalizeMethods","170","71","0","0.0","0","15170","0.99","521"
"org.openrewrite.java.migrate.concurrent.MigrateAtomicIntegerWeakCompareAndSetToWeakCompareAndSetPlain","170","71","0","0.0","0","21525","0.99","691"
"org.openrewrite.java.migrate.concurrent.MigrateAtomicReferenceWeakCompareAndSetToWeakCompareAndSetPlain","170","71","0","0.0","0","23654","0.99","908"
"org.openrewrite.java.migrate.logging.MigrateInterfaceLoggingMXBeanToPlatformLoggingMXBean","170","71","0","0.0","0","15959","0.99","675"
"org.openrewrite.java.migrate.javax.MigrateCounterMonitorSetThresholdToSetInitThreshold","170","71","0","0.0","0","10011","0.99","511"
"org.openrewrite.java.migrate.RemovedPolicy","170","71","0","0.0","0","17563","0.99","802"
"org.openrewrite.java.migrate.javax.MigrateXMLInputFactoryNewInstanceToNewFactory","170","71","0","0.0","0","20150","0.99","564"
"org.openrewrite.java.migrate.logging.MigrateGetLoggingMXBeanToGetPlatformMXBean","170","71","0","0.0","0","835444","0.99","127529"
"org.openrewrite.java.migrate.lang.MigrateRuntimeVersionMajorToFeature","170","71","0","0.0","0","16321","0.99","606"
"org.openrewrite.java.migrate.InternalBindPackages","170","71","0","0.0","0","32905","0.99","746"
"org.openrewrite.java.migrate.ChangeMethodInvocationReturnType","170","71","0","0.0","0","5114787","0.99","296173"
"org.openrewrite.java.migrate.lang.StringFormatted","170","71","0","0.0","0","1101836","0.99","52596"
"org.openrewrite.java.migrate.net.URLConstructorsToURIRecipes$URLFourArgumentConstructorRecipe","170","71","0","0.0","0","1638556","0.99","144310"
"org.openrewrite.java.migrate.ArrayStoreExceptionToTypeNotPresentException","170","71","0","0.0","0","205242","0.99","11035"
"org.openrewrite.java.migrate.javax.MigrateSimpleAnnotationValueVisitor6To9","170","71","0","0.0","0","18946","0.99","532"
"org.openrewrite.java.migrate.jacoco.UpgradeJaCoCo","170","71","0","0.0","0","9596","0.99","497"
"org.openrewrite.java.migrate.UseJavaUtilBase64","170","71","0","0.0","0","2019459","0.99","95094"
"org.openrewrite.maven.AddAnnotationProcessor","170","71","0","0.0","0","15129","0.99","537"
"org.openrewrite.java.migrate.concurrent.MigrateAtomicBooleanWeakCompareAndSetToWeakCompareAndSetPlain","170","71","0","0.0","0","11349","0.99","674"
"org.openrewrite.java.migrate.javax.MigrateAbstractElementVisitor6To9","170","71","0","0.0","0","28717","0.99","7429"
"org.openrewrite.staticanalysis.AddSerialAnnotationToSerialVersionUID","170","71","0","0.0","0","2638199","0.99","129776"
"org.openrewrite.java.migrate.RemovedRMIConnectorServerCredentialTypesConstant","170","71","0","0.0","0","15728","0.99","451"
"org.openrewrite.java.dependencies.UpgradeDependencyVersion","1700","71","56499812","0.99","2724801","82998866","0.99","7276659"
"org.openrewrite.java.migrate.javax.MigrateSimpleElementVisitor6To9","170","71","0","0.0","0","21139","0.99","1564"
"org.openrewrite.java.dependencies.AddDependency","850","71","127274669","0.99","30494532","10442263","0.99","400695"
"org.openrewrite.java.migrate.concurrent.JavaConcurrentAPIs","170","71","0","0.0","0","23989","0.99","881"
"org.openrewrite.java.migrate.logging.JavaLoggingAPIs","170","71","0","0.0","0","26982","0.99","1083"
"org.openrewrite.java.migrate.javax.AddInjectDependencies","170","71","0","0.0","0","16266","0.99","1150"
"org.openrewrite.java.migrate.logging.MigrateLoggerGlobalToGetGlobal","170","71","0","0.0","0","1965139","0.99","107220"
"org.openrewrite.java.migrate.javax.AddJaxbRuntime","170","71","6455710","0.99","273554","15747137","0.99","5537235"
"org.openrewrite.java.migrate.net.URLConstructorsToURIRecipes$URLThreeArgumentConstructorRecipe","170","71","0","0.0","0","1761375","0.99","152362"
"org.openrewrite.java.migrate.lang.ThreadStopUnsupported","170","71","0","0.0","0","4571586","0.99","287347"
"org.openrewrite.java.migrate.concurrent.MigrateAtomicIntegerArrayWeakCompareAndSetToWeakCompareAndSetPlain","170","71","0","0.0","0","20068","0.99","794"
"org.openrewrite.java.migrate.DeprecatedJavaxSecurityCert","170","71","0","0.0","0","33472","0.99","10317"
"org.openrewrite.gradle.UpdateJavaCompatibility","510","71","0","0.0","0","228433","0.99","6695"
"org.openrewrite.java.migrate.RemovedFileIOFinalizeMethods","170","71","0","0.0","0","14577","0.99","523"
"org.openrewrite.java.migrate.javax.JavaxLangModelUtil","170","71","0","0.0","0","14370","0.99","1052"
"org.openrewrite.jenkins.UpgradeJavaVersion","510","71","1225097","0.99","151098","6969136","0.99","223777"
"org.openrewrite.maven.AddDependency","170","71","1024839","0.99","220562","545385","0.99","19533"
"org.openrewrite.java.migrate.lang.MigrateSecurityManagerMulticast","170","71","0","0.0","0","145077","0.99","6572"
"org.openrewrite.gradle.UpdateGradleWrapper","340","71","10135330","0.99","2816277","1056644","0.99","20635"
"org.openrewrite.java.migrate.net.URLConstructorsToURIRecipes","170","71","0","0.0","0","36674","0.99","2893"
"org.openrewrite.java.migrate.javax.AddJaxwsRuntime$AddJaxwsRuntimeMaven","170","71","0","0.0","0","643202","0.99","191221"
"org.openrewrite.java.migrate.javax.AddJaxwsRuntime$AddJaxwsRuntimeGradle","170","71","0","0.0","0","47412","0.99","1307"
"org.openrewrite.java.migrate.javax.MigrateTypeKindVisitor6To9","170","71","0","0.0","0","20189","0.99","1510"
"org.openrewrite.java.migrate.logging.MigrateLoggerLogrbToUseResourceBundle","170","71","0","0.0","0","123142","0.99","7318"
"org.openrewrite.java.migrate.lang.MigrateClassLoaderDefineClass","170","71","0","0.0","0","8387608","0.99","487875"
"org.openrewrite.maven.RemoveRedundantDependencyVersions","850","71","0","0.0","0","8219407","0.99","957735"
"org.openrewrite.java.migrate.javax.JavaxManagementMonitorAPIs","170","71","0","0.0","0","19048","0.99","816"
"org.openrewrite.java.migrate.UpgradeBuildToJava17","170","71","0","0.0","0","28203","0.99","662"
"org.openrewrite.java.migrate.ReplaceStringLiteralValue","170","71","0","0.0","0","4451823","0.99","385177"
"org.openrewrite.java.ReplaceConstantWithAnotherConstant","170","71","0","0.0","0","1550663","0.99","119638"
"org.openrewrite.java.migrate.lang.JavaLangAPIs","170","71","0","0.0","0","27274","0.99","1792"
"org.openrewrite.java.migrate.DeleteDeprecatedFinalize","170","71","0","0.0","0","22288","0.99","1763"
"org.openrewrite.java.migrate.UpgradeBuildToJava11","170","71","0","0.0","0","12777","0.99","650"
"org.openrewrite.java.migrate.util.SequencedCollection","170","71","0","0.0","0","28801","0.99","1394"
"org.openrewrite.java.migrate.UpgradePluginsForJava21","170","71","0","0.0","0","24597","0.99","882"
"org.openrewrite.java.migrate.Jre17AgentMainPreMainPublic","170","71","0","0.0","0","23888","0.99","7276"
"org.openrewrite.java.migrate.CastArraysAsListToList","170","71","0","0.0","0","178038","0.99","7507"
"org.openrewrite.java.migrate.nio.file.PathsGetToPathOf","170","71","0","0.0","0","21182","0.99","1488"
"org.openrewrite.java.migrate.javax.AddJaxbDependencies","170","71","0","0.0","0","40605","0.99","1932"
"org.openrewrite.java.migrate.JREWrapperInterface","170","71","0","0.0","0","10050","0.99","482"
"org.openrewrite.java.migrate.net.MigrateMulticastSocketSetTTLToSetTimeToLive","170","71","0","0.0","0","239906","0.99","22469"
"org.openrewrite.java.migrate.UpgradeBuildToJava21","170","71","0","0.0","0","11428","0.99","454"
"org.openrewrite.java.migrate.RemovedSSLSessionGetPeerCertificateChainMethodImpl","170","71","0","0.0","0","31619","0.99","15243"
"org.openrewrite.maven.UpgradePluginVersion","1700","71","0","0.0","0","80990794","0.99","74710111"
"org.openrewrite.java.migrate.UpgradePluginsForJava17","170","71","0","0.0","0","16288","0.99","581"
"org.openrewrite.java.ChangeMethodName","5440","71","0","0.0","0","72394684","0.99","286844"
"org.openrewrite.java.migrate.lombok.UpdateLombokToJava11","170","71","0","0.0","0","50335","0.99","7317"
"org.openrewrite.java.migrate.javax.AddCommonAnnotationsDependencies","170","71","0","0.0","0","17502","0.99","1525"
"org.openrewrite.java.migrate.UpgradePluginsForJava11","170","71","0","0.0","0","26761","0.99","724"
"org.openrewrite.java.migrate.net.MigrateURLDecoderDecode","170","71","0","0.0","0","1181219","0.99","160709"
"org.openrewrite.java.migrate.util.OptionalNotPresentToIsEmpty","170","71","0","0.0","0","1630739","0.99","410456"
"org.openrewrite.java.migrate.util.OptionalStreamRecipe","170","71","0","0.0","0","418995","0.99","305028"
"org.openrewrite.java.migrate.ReferenceCloneMethod","170","71","0","0.0","0","732529","0.99","330659"
"org.openrewrite.java.migrate.lang.MigrateRuntimeVersionSecurityToUpdate","170","71","0","0.0","0","14385","0.99","521"
"org.openrewrite.java.migrate.sql.JavaSqlAPIs","170","71","0","0.0","0","28695","0.99","6219"
"org.openrewrite.java.migrate.RemovedSubjectMethods","170","71","0","0.0","0","19435","0.99","744"
"org.openrewrite.java.migrate.AddMissingMethodImplementation","1870","71","0","0.0","0","22388019","0.99","942267"
"org.openrewrite.java.migrate.util.IteratorNext","170","71","0","0.0","0","834564","0.99","239739"
"org.openrewrite.java.migrate.maven.UseMavenCompilerPluginReleaseConfiguration","510","71","0","0.0","0","32314496","0.99","13879401"
"org.openrewrite.java.migrate.Java8toJava11","170","71","0","0.0","0","19629","0.99","6447"
"org.openrewrite.java.migrate.net.MigrateHttpURLConnectionHttpServerErrorToHttpInternalError","170","71","0","0.0","0","962266","0.99","75559"
"org.openrewrite.java.migrate.util.StreamFindFirst","170","71","0","0.0","0","1208767","0.99","613290"
"org.openrewrite.java.migrate.ReplaceAWTGetPeerMethod","170","71","0","0.0","0","241673","0.99","18966"
"org.openrewrite.java.migrate.ThreadStopDestroy","170","71","0","0.0","0","17501","0.99","906"
"org.openrewrite.scala.migrate.UpgradeScala_2_12","170","71","0","0.0","0","19374","0.99","1170"
"org.openrewrite.java.migrate.concurrent.MigrateAtomicLongWeakCompareAndSetToWeakCompareAndSetPlain","170","71","0","0.0","0","24807","0.99","664"
"org.openrewrite.java.migrate.RemovedModifierAndConstantBootstrapsConstructors","170","71","0","0.0","0","16579","0.99","1006"
"org.openrewrite.java.migrate.javax.MigrateXMLOutputFactoryNewInstanceToNewFactory","170","71","0","0.0","0","19959","0.99","558"
"org.openrewrite.java.migrate.javax.MigrateSimpleTypeVisitor6To9","170","71","0","0.0","0","19192","0.99","735"
"org.openrewrite.java.ChangeMethodTargetToStatic","680","71","0","0.0","0","622051","0.99","10273"
"org.openrewrite.java.migrate.javax.JavaxXmlStreamAPIs","170","71","0","0.0","0","18138","0.99","546"
"org.openrewrite.java.migrate.javax.MigrateElementScanner6To9","170","71","0","0.0","0","19213","0.99","679"
"org.openrewrite.java.migrate.RemovedSecurityManagerMethods","170","71","0","0.0","0","4655611","0.99","190052"
"org.openrewrite.java.ChangeType","2720","71","0","0.0","0","182975902","0.99","1449703"
"org.openrewrite.maven.RemovePlugin","170","71","0","0.0","0","2380895","0.99","758841"
"org.openrewrite.maven.RemoveManagedDependency","340","71","0","0.0","0","4280416","0.99","2248295"
"org.openrewrite.java.migrate.lang.MigrateCharacterIsJavaLetterToIsJavaIdentifierStart","170","71","0","0.0","0","10782","0.99","1118"
"org.openrewrite.java.migrate.RemovedToolProviderConstructor","170","71","0","0.0","0","19754","0.99","711"
"org.openrewrite.java.migrate.MXBeanRule","170","71","0","0.0","0","8503848","0.99","384709"
"org.openrewrite.java.migrate.concurrent.MigrateAtomicLongArrayWeakCompareAndSetToWeakCompareAndSetPlain","170","71","0","0.0","0","21284","0.99","1475"
"org.openrewrite.java.migrate.javax.AddJaxwsDependencies","170","71","0","0.0","0","29943","0.99","1226"
"org.openrewrite.java.migrate.RemovedRuntimeTraceMethods","170","71","0","0.0","0","30935","0.99","1117"
"org.openrewrite.java.migrate.concurrent.MigrateAtomicReferenceArrayWeakCompareAndSetToWeakCompareAndSetPlain","170","71","0","0.0","0","30393","0.99","11843"
"org.openrewrite.java.migrate.lang.UseTextBlocks","170","71","0","0.0","0","5314952","0.99","275775"
"org.openrewrite.java.migrate.lang.MigrateRuntimeVersionMinorToInterim","170","71","0","0.0","0","14765","0.99","608"
"org.openrewrite.staticanalysis.ReplaceDeprecatedRuntimeExecMethods","170","71","0","0.0","0","6015639","0.99","317144"
"org.openrewrite.java.migrate.lang.MigrateCharacterIsJavaLetterOrDigitToIsJavaIdentifierPart","170","71","0","0.0","0","15930","0.99","464"
"org.openrewrite.java.RemoveMethodInvocations","1870","71","0","0.0","0","2143995","0.99","94389"
"org.openrewrite.java.migrate.DeprecatedLogRecordThreadID","170","71","0","0.0","0","17327","0.99","523"
"org.openrewrite.java.migrate.logging.MigrateLogRecordSetMillisToSetInstant","170","71","0","0.0","0","519255","0.99","21031"
"org.openrewrite.java.migrate.util.UseLocaleOf","170","71","0","0.0","0","559805","0.99","44291"
"org.openrewrite.java.migrate.net.JavaNetAPIs","170","71","0","0.0","0","41045","0.99","949"
"com.adonwheels.UpgradeToJava21","170","71","0","0.0","0","27540","0.99","10288"
